Symbol,Date,Open,High,Low,Close,Volume,Currency,test
"Brent Oil",1/4/2000,23.9,24.7,23.89,24.39,32509,USD,1
"Brent Oil",1/5/2000,24.25,24.37,23.7,23.73,30310,USD,2
"Brent Oil",1/6/2000,23.55,24.22,23.35,23.62,44662,USD,3
"Brent Oil",1/7/2000,23.57,23.98,23.05,23.09,34826,USD,4
"Brent Oil",1/10/2000,23.04,23.78,23.04,23.73,26388,USD,5
"Brent Oil",10/4/2001,21.65,22.38,21.53,22.15,37832,USD,6
"Brent Oil",1/11/2000,23.9,24.67,23.83,24.62,17410,USD,7
"Brent Oil",1/12/2000,24.35,25.1,23.97,24.81,28455,USD,8
"Brent Oil",1/13/2000,24.84,25.25,24.7,24.98,22307,USD,9
"Brent Oil",1/14/2000,24.98,25.56,24.98,25.47,8822,USD,10
"Brent Oil",1/17/2000,25.55,25.75,25.42,25.65,16286,USD,11
"Brent Oil",1/18/2000,25.95,26.13,25.62,26.05,39950,USD,12
"Brent Oil",1/19/2000,26.3,26.3,25.65,25.84,38024,USD,13
"Brent Oil",1/20/2000,25.98,26.43,25.63,26.1,47963,USD,14
"Brent Oil",10/5/2001,22.32,22.82,21.6,21.63,33757,USD,15
"Brent Oil",10/8/2001,21.8,22.1,21.53,21.57,24590,USD,16
"Brent Oil",10/9/2001,21.77,22,21.6,21.88,19605,USD,17
"Brent Oil",10/10/2001,21.8,22.45,21.77,22.01,20924,USD,18
"Brent Oil",10/11/2001,22.25,22.7,22.15,22.46,25514,USD,19
"Brent Oil",10/12/2001,22.95,23.02,21.22,21.73,30144,USD,20
"Brent Oil",1/22/2001,26.9,27.28,26.5,26.53,30924,USD,21
"Brent Oil",10/15/2001,21.7,21.9,21.44,21.68,18489,USD,22
"Brent Oil",10/16/2001,21.63,21.93,21.45,21.7,8204,USD,23
"Brent Oil",10/17/2001,21.7,21.7,20.84,20.99,34356,USD,24
"Brent Oil",10/18/2001,21,21.02,20.32,20.62,37221,USD,25
"Brent Oil",10/19/2001,20.8,21.55,20.48,21.35,31325,USD,26
"Brent Oil",10/22/2001,21.33,21.59,20.95,21.05,25964,USD,27
"Brent Oil",1/23/2001,26.4,26.72,26.2,26.67,36740,USD,28
"Brent Oil",1/24/2001,26.5,26.79,25.83,26.26,36407,USD,29
"Brent Oil",1/25/2001,26.3,26.52,25.94,26.46,25802,USD,30
"Brent Oil",1/26/2001,26.5,27,26.2,26.98,22348,USD,31
"Brent Oil",1/29/2001,26.85,27.48,26.25,26.6,39543,USD,32
"Brent Oil",1/30/2001,26.58,27.08,26.3,26.89,30966,USD,33
"Brent Oil",1/31/2001,27.1,27.22,26.31,26.66,36545,USD,34
"Brent Oil",2/1/2001,26.55,28.25,26.35,28.1,37547,USD,35
"Brent Oil",2/2/2001,27.9,29.3,27.7,29.19,27326,USD,36
"Brent Oil",2/5/2001,29.2,29.2,28.08,28.45,21098,USD,37
"Brent Oil",2/6/2001,28.25,28.89,28.25,28.7,15124,USD,38
"Brent Oil",2/7/2001,28.6,29.95,28.6,29.91,22610,USD,39
"Brent Oil",10/23/2001,21.16,21.57,20.93,20.94,37963,USD,40
"Brent Oil",10/24/2001,20.75,21.51,20.53,21.26,51184,USD,41
"Brent Oil",10/25/2001,21.32,21.55,21,21.01,40634,USD,42
"Brent Oil",10/26/2001,21.15,21.25,20.92,21.02,25270,USD,43
"Brent Oil",10/29/2001,21.25,21.52,20.95,21.1,29613,USD,44
"Brent Oil",10/30/2001,21.11,21.21,20.86,20.91,32763,USD,45
"Brent Oil",10/31/2001,21,21,20.05,20.37,38987,USD,46
"Brent Oil",11/1/2001,20.35,20.5,19.55,19.62,37030,USD,47
"Brent Oil",5/11/2000,26.45,27.6,26.32,27.45,27989,USD,48
"Brent Oil",11/2/2001,19.8,19.85,19.04,19.77,41066,USD,49
"Brent Oil",11/5/2001,19.72,19.95,19.16,19.44,26326,USD,50
"Brent Oil",2/8/2001,29.7,30.36,28.99,29.84,20883,USD,51
"Brent Oil",11/6/2001,19.45,19.46,18.81,19.07,23514,USD,52
"Brent Oil",2/9/2001,30,30,29.23,29.25,15805,USD,53
"Brent Oil",11/7/2001,19.05,19.52,18.85,19.33,27298,USD,54
"Brent Oil",2/12/2001,29.3,29.39,28.75,29,19268,USD,55
"Brent Oil",11/8/2001,19.5,20.37,19.5,20.28,46500,USD,56
"Brent Oil",2/13/2001,28.85,29,28.35,28.46,15548,USD,57
"Brent Oil",2/14/2001,27.56,28.26,27.22,27.28,39526,USD,58
"Brent Oil",11/9/2001,20.35,21.65,20.35,21.38,38254,USD,59
"Brent Oil",2/15/2001,27,27.18,26.35,26.64,41049,USD,60
"Brent Oil",11/12/2001,21.63,21.63,19.85,20.39,30746,USD,61
"Brent Oil",2/16/2001,26.85,27.05,26.82,26.89,19638,USD,62
"Brent Oil",11/13/2001,20.4,21.05,20,20.81,28251,USD,63
"Brent Oil",5/12/2000,27.55,28.38,27.3,28.05,18154,USD,64
"Brent Oil",11/14/2001,20.32,20.32,18.65,18.75,41841,USD,65
"Brent Oil",5/15/2000,27.64,28.52,27.48,28.33,19846,USD,66
"Brent Oil",2/19/2001,27.4,27.62,27.07,27.31,16180,USD,67
"Brent Oil",11/15/2001,17.99,18.8,16.8,17.68,13769,USD,68
"Brent Oil",2/20/2001,27.34,27.46,26.6,26.62,27620,USD,69
"Brent Oil",11/16/2001,17.63,18.1,17.25,17.75,44714,USD,70
"Brent Oil",5/16/2000,28.36,28.85,28.35,28.78,8047,USD,71
"Brent Oil",2/21/2001,26.74,26.85,26.25,26.37,23022,USD,72
"Brent Oil",11/19/2001,17.4,18.05,16.65,18.01,37999,USD,73
"Brent Oil",5/17/2000,27.95,28.12,27.62,27.89,33211,USD,74
"Brent Oil",2/22/2001,26.7,26.8,26.05,26.46,30654,USD,75
"Brent Oil",11/20/2001,17.79,19.12,17.79,18.75,51766,USD,76
"Brent Oil",1/21/2000,26.55,27.11,25.9,26.35,46271,USD,77
"Brent Oil",2/23/2001,26.45,27.05,26.28,26.52,35413,USD,78
"Brent Oil",5/18/2000,28,28.95,28,28.92,38697,USD,79
"Brent Oil",2/26/2001,26.5,26.67,26.05,26.11,34718,USD,80
"Brent Oil",1/24/2000,26.68,26.85,25.88,26.06,37451,USD,81
"Brent Oil",11/21/2001,19,19.2,18.55,18.73,38021,USD,82
"Brent Oil",1/25/2000,25.88,26.65,25.58,26.54,39688,USD,83
"Brent Oil",5/19/2000,28.7,29.2,28.15,28.59,39913,USD,84
"Brent Oil",2/27/2001,25.95,26.32,25.7,26.02,30546,USD,85
"Brent Oil",1/26/2000,26.9,26.95,26.05,26.13,37181,USD,86
"Brent Oil",11/22/2001,18.8,20.08,18.7,19.9,41563,USD,87
"Brent Oil",1/27/2000,25.9,26.38,25.45,25.62,34844,USD,88
"Brent Oil",11/23/2001,19.9,20.02,18.6,19.28,26756,USD,89
"Brent Oil",5/22/2000,28.55,28.6,27.19,27.43,40603,USD,90
"Brent Oil",2/28/2001,25.95,26.42,25.5,25.57,34007,USD,91
"Brent Oil",11/26/2001,18.6,18.9,18.1,18.36,32166,USD,92
"Brent Oil",5/23/2000,27.5,27.6,27.1,27.5,29942,USD,93
"Brent Oil",1/28/2000,25.45,25.92,25.38,25.68,22226,USD,94
"Brent Oil",3/1/2001,25.7,25.95,25.4,25.85,24352,USD,95
"Brent Oil",5/24/2000,27.7,28.65,27.7,28.61,28900,USD,96
"Brent Oil",11/27/2001,18.48,19.22,18.15,19.02,42328,USD,97
"Brent Oil",1/31/2000,25.4,26.19,25.21,25.97,38608,USD,98
"Brent Oil",3/2/2001,26.01,26.32,25.9,26,22803,USD,99
"Brent Oil",5/25/2000,28.61,29.2,28.37,29.19,33002,USD,100
"Brent Oil",11/28/2001,18.84,19.05,18.5,18.69,34234,USD,101
"Brent Oil",3/5/2001,26.18,26.9,26.18,26.71,22001,USD,102
"Brent Oil",5/26/2000,29.4,29.47,29,29.22,19718,USD,103
"Brent Oil",11/29/2001,18.9,18.9,18.2,18.41,35427,USD,104
"Brent Oil",2/1/2000,26.1,26.6,26.08,26.39,40355,USD,105
"Brent Oil",3/6/2001,26.79,26.81,26.32,26.48,21448,USD,106
"Brent Oil",2/2/2000,26.62,26.82,25.82,25.93,45900,USD,107
"Brent Oil",3/7/2001,26.63,27.25,26.42,27.23,28806,USD,108
"Brent Oil",5/30/2000,28.65,29.13,28.65,28.96,24234,USD,109
"Brent Oil",2/3/2000,26.12,26.69,26.07,26.66,30382,USD,110
"Brent Oil",3/8/2001,27.1,27.25,26.65,26.68,25470,USD,111
"Brent Oil",11/30/2001,18.45,19.18,17.98,19.14,29790,USD,112
"Brent Oil",2/4/2000,26.65,27.1,26.2,27.07,30382,USD,113
"Brent Oil",12/3/2001,18.92,19.98,18.65,19.71,38077,USD,114
"Brent Oil",2/7/2000,26.85,27.05,26.67,26.88,20018,USD,115
"Brent Oil",3/9/2001,26.59,26.68,26.25,26.33,18659,USD,116
"Brent Oil",2/8/2000,26.73,26.86,26.32,26.37,29000,USD,117
"Brent Oil",12/4/2001,19.85,20.04,19.26,19.29,38887,USD,118
"Brent Oil",12/5/2001,19.2,20.25,19.15,19.22,35640,USD,119
"Brent Oil",3/12/2001,26.1,26.25,25.88,25.9,23210,USD,120
"Brent Oil",2/9/2000,26.45,26.99,26.06,26.92,32440,USD,121
"Brent Oil",12/6/2001,19.33,19.75,18.12,18.39,32161,USD,122
"Brent Oil",3/13/2001,25.95,25.95,25.25,25.28,20276,USD,123
"Brent Oil",12/7/2001,18.47,19.2,17.75,19.03,32532,USD,124
"Brent Oil",3/14/2001,25.15,25.56,23.75,23.93,26141,USD,125
"Brent Oil",12/10/2001,18.7,18.7,18.1,18.17,21180,USD,126
"Brent Oil",3/15/2001,24.15,24.54,23.9,24.19,12859,USD,127
"Brent Oil",2/10/2000,26.75,27.62,26.75,27.48,34468,USD,128
"Brent Oil",3/16/2001,25.09,25.95,25,25.05,43604,USD,129
"Brent Oil",2/11/2000,27.5,28.2,27.45,27.82,32911,USD,130
"Brent Oil",12/11/2001,18.2,18.21,17.8,17.91,32853,USD,131
"Brent Oil",3/19/2001,25.3,25.4,24.73,24.81,32384,USD,132
"Brent Oil",2/14/2000,27.85,28.78,27.82,28.76,13056,USD,133
"Brent Oil",12/12/2001,17.85,18.55,17.7,18.2,28731,USD,134
"Brent Oil",2/15/2000,27.2,27.48,26.98,27.13,32353,USD,135
"Brent Oil",2/16/2000,27.15,27.47,26.9,27.37,28329,USD,136
"Brent Oil",12/13/2001,18.09,18.38,17.73,17.8,23728,USD,137
"Brent Oil",2/17/2000,27.15,27.16,26.55,26.67,30104,USD,138
"Brent Oil",3/20/2001,24.81,25.19,24.6,24.62,32922,USD,139
"Brent Oil",12/14/2001,18.03,18.5,17.97,18.38,22605,USD,140
"Brent Oil",2/18/2000,26.65,26.77,26.2,26.22,21416,USD,141
"Brent Oil",3/21/2001,24.55,25.2,24.5,25,38336,USD,142
"Brent Oil",12/17/2001,19.05,19.38,18.65,19.06,33701,USD,143
"Brent Oil",2/21/2000,26.35,26.4,25.78,25.93,18426,USD,144
"Brent Oil",12/18/2001,19.05,19.39,18.86,19.18,27827,USD,145
"Brent Oil",12/19/2001,19.25,19.76,19.25,19.47,35389,USD,146
"Brent Oil",3/22/2001,25.1,25.28,24.6,24.63,32846,USD,147
"Brent Oil",2/22/2000,25.85,26.75,25.73,26.58,32877,USD,148
"Brent Oil",3/23/2001,24.9,25.58,24.8,25.38,38597,USD,149
"Brent Oil",5/31/2000,29.1,29.52,28.2,28.31,38344,USD,150
"Brent Oil",3/26/2001,25.54,25.8,25.36,25.4,26788,USD,151
"Brent Oil",2/23/2000,26.5,27.14,26.44,27.06,34468,USD,152
"Brent Oil",12/20/2001,19.4,19.86,19.04,19.13,36814,USD,153
"Brent Oil",6/1/2000,28.4,29.2,28.4,29.19,28667,USD,154
"Brent Oil",2/24/2000,27,27.5,27,27.37,32288,USD,155
"Brent Oil",3/27/2001,25.55,25.97,25.54,25.89,28472,USD,156
"Brent Oil",12/21/2001,19.25,19.55,19.2,19.36,25821,USD,157
"Brent Oil",6/2/2000,29.2,29.42,28.75,29.05,20954,USD,158
"Brent Oil",2/25/2000,27.25,28,27.12,27.48,29816,USD,159
"Brent Oil",3/28/2001,25.65,25.95,25.25,25.27,32455,USD,160
"Brent Oil",12/24/2001,19.58,19.68,19.32,19.34,7537,USD,161
"Brent Oil",6/5/2000,29.4,29.41,28.26,28.37,32142,USD,162
"Brent Oil",2/28/2000,27.2,27.78,27.2,27.41,21133,USD,163
"Brent Oil",12/27/2001,20.88,20.88,19.98,20.34,26854,USD,164
"Brent Oil",6/6/2000,28.45,28.8,28.31,28.59,25443,USD,165
"Brent Oil",2/29/2000,27.35,28.12,27.35,28.09,26415,USD,166
"Brent Oil",12/28/2001,20.78,20.9,20.25,20.3,25668,USD,167
"Brent Oil",3/29/2001,24.8,25.2,24.33,24.5,44607,USD,168
"Brent Oil",3/30/2001,25,25.05,24.55,24.74,23254,USD,169
"Brent Oil",6/7/2000,28.55,29.28,27.9,29.22,36012,USD,170
"Brent Oil",12/31/2001,20.2,20.23,19.85,19.9,7502,USD,171
"Brent Oil",3/1/2000,28,29.14,28,29.06,42114,USD,172
"Brent Oil",4/2/2001,24.85,24.9,24.1,24.11,24041,USD,173
"Brent Oil",6/8/2000,29.15,29.48,28.7,29.07,25558,USD,174
"Brent Oil",1/2/2002,19.46,21,19.46,21,31008,USD,175
"Brent Oil",3/2/2000,28.7,29.47,28.55,29.22,32684,USD,176
"Brent Oil",4/3/2001,24.25,24.8,24.16,24.77,30810,USD,177
"Brent Oil",3/3/2000,28.95,29.28,28.7,28.99,21037,USD,178
"Brent Oil",3/6/2000,28.95,29.69,28.95,29.63,21034,USD,179
"Brent Oil",1/3/2002,21,21.1,20.62,20.66,33336,USD,180
"Brent Oil",3/7/2000,30.1,31.95,30.1,31.9,30293,USD,181
"Brent Oil",6/9/2000,28.9,29.63,28.84,29.58,21408,USD,182
"Brent Oil",1/4/2002,20.9,22.2,20.9,22.18,35498,USD,183
"Brent Oil",3/8/2000,31.4,31.4,28.3,28.8,34798,USD,184
"Brent Oil",6/12/2000,29.85,31.27,29.8,31.21,26923,USD,185
"Brent Oil",4/4/2001,25.17,25.48,25.06,25.32,42621,USD,186
"Brent Oil",3/9/2000,29.35,29.9,28.39,29.29,32883,USD,187
"Brent Oil",1/7/2002,22,22.4,21.65,22.03,70387,USD,188
"Brent Oil",6/13/2000,30.9,31.7,30.9,31.49,31176,USD,189
"Brent Oil",4/5/2001,25.26,25.95,25.09,25.32,31960,USD,190
"Brent Oil",1/8/2002,21.94,22.15,21.55,22.02,27080,USD,191
"Brent Oil",6/14/2000,31.41,31.41,30.87,31.02,27274,USD,192
"Brent Oil",3/10/2000,29.05,29.4,28.63,28.94,20331,USD,193
"Brent Oil",1/9/2002,21.4,21.55,20.85,20.89,23979,USD,194
"Brent Oil",4/6/2001,25.28,25.37,25.04,25.17,18844,USD,195
"Brent Oil",6/15/2000,30.65,31.38,30.56,31.26,14715,USD,196
"Brent Oil",3/13/2000,28.9,29.13,28.55,28.89,20732,USD,197
"Brent Oil",1/10/2002,20.9,21.3,20.45,21.29,19220,USD,198
"Brent Oil",6/16/2000,29.15,29.15,27.69,28.35,48016,USD,199
"Brent Oil",3/14/2000,29,29.13,28.2,28.34,27370,USD,200
"Brent Oil",1/11/2002,21.22,21.25,20.6,20.86,16783,USD,201
"Brent Oil",4/9/2001,25.15,25.58,25.08,25.28,21653,USD,202
"Brent Oil",3/15/2000,28.35,28.47,27.35,27.53,24348,USD,203
"Brent Oil",6/19/2000,27.95,28.15,27.58,27.98,31394,USD,204
"Brent Oil",4/10/2001,25.57,26.77,25.46,26.54,30753,USD,205
"Brent Oil",4/11/2001,26.25,26.75,26.19,26.53,6181,USD,206
"Brent Oil",3/16/2000,27.2,27.77,26.9,27.41,9262,USD,207
"Brent Oil",4/12/2001,27.07,27.87,27.05,27.37,50959,USD,208
"Brent Oil",1/14/2002,20.6,20.68,19.6,19.78,18971,USD,209
"Brent Oil",3/17/2000,26.9,27.14,26.45,26.56,34130,USD,210
"Brent Oil",6/20/2000,27.86,29.1,27.85,29.02,30888,USD,211
"Brent Oil",4/17/2001,27.95,28.25,27.51,27.63,40306,USD,212
"Brent Oil",3/20/2000,26.4,26.43,25.2,25.21,37888,USD,213
"Brent Oil",1/15/2002,19.88,20.1,19.67,19.7,14395,USD,214
"Brent Oil",6/21/2000,29.1,30.11,28.58,29.33,47088,USD,215
"Brent Oil",1/16/2002,19.32,19.44,18.94,19.36,18657,USD,216
"Brent Oil",4/18/2001,27.2,27.4,26.8,27.29,41667,USD,217
"Brent Oil",6/22/2000,29.2,30.25,29,30.15,39011,USD,218
"Brent Oil",1/17/2002,19.15,19.38,18.23,18.41,53490,USD,219
"Brent Oil",4/19/2001,27.3,27.42,26.68,26.83,32514,USD,220
"Brent Oil",6/23/2000,30.4,30.6,29.8,30.39,32238,USD,221
"Brent Oil",1/18/2002,18.6,18.8,18.3,18.45,28179,USD,222
"Brent Oil",3/21/2000,25.2,25.85,25.14,25.72,34768,USD,223
"Brent Oil",6/26/2000,30.65,30.8,29.73,29.75,28264,USD,224
"Brent Oil",1/21/2002,18.52,18.66,18.41,18.57,14833,USD,225
"Brent Oil",3/22/2000,25.45,26.18,25.26,25.4,36454,USD,226
"Brent Oil",6/27/2000,29.65,30.55,29.36,30.24,36467,USD,227
"Brent Oil",4/20/2001,26.9,26.95,26.35,26.39,30508,USD,228
"Brent Oil",1/22/2002,18.6,19.25,18.56,18.75,48163,USD,229
"Brent Oil",3/23/2000,25.35,25.79,25.32,25.48,27837,USD,230
"Brent Oil",6/28/2000,30.03,30.57,29.97,30.11,25260,USD,231
"Brent Oil",4/23/2001,26.35,26.83,26.35,26.55,28432,USD,232
"Brent Oil",3/24/2000,25.75,26.34,25.75,25.91,26389,USD,233
"Brent Oil",4/24/2001,26.75,26.92,26.3,26.32,36153,USD,234
"Brent Oil",3/27/2000,25.65,25.9,25.38,25.68,20908,USD,235
"Brent Oil",1/23/2002,18.86,19.29,18.86,19.19,35116,USD,236
"Brent Oil",6/29/2000,30.01,30.95,29.96,30.8,28752,USD,237
"Brent Oil",4/25/2001,26.22,26.9,26.2,26.82,32367,USD,238
"Brent Oil",4/26/2001,26.98,27.95,26.9,27.6,39951,USD,239
"Brent Oil",3/28/2000,25.55,25.96,25.3,25.51,29355,USD,240
"Brent Oil",1/24/2002,19.19,19.25,18.7,19.13,37007,USD,241
"Brent Oil",4/27/2001,27.7,28,27.57,27.79,28470,USD,242
"Brent Oil",3/29/2000,25.24,25.27,24.25,24.4,48304,USD,243
"Brent Oil",6/30/2000,30.67,31.15,30.45,30.57,23081,USD,244
"Brent Oil",1/25/2002,19.35,19.6,18.77,19.37,32967,USD,245
"Brent Oil",4/30/2001,27.9,28.48,27.52,27.89,34559,USD,246
"Brent Oil",7/3/2000,30.65,31.25,30.62,31.1,9653,USD,247
"Brent Oil",1/28/2002,19.6,19.75,19.4,19.65,30625,USD,248
"Brent Oil",3/30/2000,24.4,24.76,24.37,24.63,31027,USD,249
"Brent Oil",7/4/2000,30.4,30.59,29.5,29.58,28785,USD,250
"Brent Oil",1/29/2002,19.5,19.53,19.08,19.24,33174,USD,251
"Brent Oil",3/31/2000,24.8,25.27,24.58,24.77,28670,USD,252
"Brent Oil",7/5/2000,29.22,29.4,28.55,29.38,44579,USD,253
"Brent Oil",1/30/2002,18.92,19.05,18.38,18.79,48274,USD,254
"Brent Oil",4/3/2000,25,25.22,24.5,24.51,21506,USD,255
"Brent Oil",7/6/2000,29.4,29.95,28.92,29.67,41351,USD,256
"Brent Oil",5/1/2001,27.62,28.4,27.62,28.33,26002,USD,257
"Brent Oil",1/31/2002,19,19.22,18.75,19.18,34514,USD,258
"Brent Oil",4/4/2000,24.35,24.44,23.62,23.65,33486,USD,259
"Brent Oil",7/7/2000,29.65,29.75,29.1,29.7,32944,USD,260
"Brent Oil",5/2/2001,27.8,27.89,27.51,27.59,34376,USD,261
"Brent Oil",4/5/2000,23.4,23.91,23.35,23.75,31755,USD,262
"Brent Oil",5/3/2001,27.7,28.15,27.01,28.07,40743,USD,263
"Brent Oil",4/6/2000,23.9,24.13,23.42,23.45,24651,USD,264
"Brent Oil",2/1/2002,19.36,20.03,18.8,19.98,55581,USD,265
"Brent Oil",5/4/2001,28.25,28.37,27.9,28.19,25076,USD,266
"Brent Oil",7/10/2000,29.35,29.63,28.75,28.85,31940,USD,267
"Brent Oil",4/7/2000,23.35,23.55,22.5,22.58,22604,USD,268
"Brent Oil",2/4/2002,19.8,19.92,19.6,19.81,33796,USD,269
"Brent Oil",5/8/2001,27.6,28.05,27.6,27.9,23110,USD,270
"Brent Oil",7/11/2000,28.65,29.29,28.51,29.22,32329,USD,271
"Brent Oil",2/5/2002,19.77,19.77,19.3,19.56,30737,USD,272
"Brent Oil",5/9/2001,28.09,28.18,27.5,28.15,21972,USD,273
"Brent Oil",5/10/2001,28.5,28.8,28,28.48,20255,USD,274
"Brent Oil",7/12/2000,28.95,29.8,28.81,29.67,19262,USD,275
"Brent Oil",7/13/2000,29.65,30.3,29.4,30.26,26407,USD,276
"Brent Oil",4/10/2000,22.4,22.4,21.3,21.3,31554,USD,277
"Brent Oil",7/14/2000,30.05,30.05,29.7,29.88,11292,USD,278
"Brent Oil",7/17/2000,28.9,28.9,28.52,28.56,29775,USD,279
"Brent Oil",4/11/2000,21.8,22.02,21.4,21.67,29269,USD,280
"Brent Oil",5/11/2001,28.4,28.45,28.12,28.19,13914,USD,281
"Brent Oil",7/18/2000,28.5,29.8,28.4,29.32,44157,USD,282
"Brent Oil",4/12/2000,21.9,23.2,21.9,23.12,24419,USD,283
"Brent Oil",4/13/2000,23.09,23.15,22.6,22.66,12948,USD,284
"Brent Oil",5/14/2001,28.19,28.36,27.78,28.28,15431,USD,285
"Brent Oil",4/14/2000,22.95,23.15,22.35,22.41,32227,USD,286
"Brent Oil",7/19/2000,29.35,29.45,28.72,28.88,38828,USD,287
"Brent Oil",5/15/2001,28.35,28.4,27.96,28.16,18331,USD,288
"Brent Oil",4/17/2000,22.15,22.93,21.9,22.74,35665,USD,289
"Brent Oil",7/20/2000,28.75,29.06,28.25,28.27,39673,USD,290
"Brent Oil",5/16/2001,28.16,28.88,27.95,28.36,9435,USD,291
"Brent Oil",4/18/2000,23.15,23.2,22.67,23.05,29790,USD,292
"Brent Oil",7/21/2000,28.3,28.3,27.47,27.52,48227,USD,293
"Brent Oil",5/17/2001,28.3,28.55,28.16,28.46,25534,USD,294
"Brent Oil",7/24/2000,27.5,27.67,26.9,26.92,31783,USD,295
"Brent Oil",5/18/2001,28.6,29.45,28.58,29.39,35096,USD,296
"Brent Oil",4/19/2000,23,24,23,23.77,39180,USD,297
"Brent Oil",5/21/2001,29.68,29.68,29.22,29.42,33965,USD,298
"Brent Oil",7/25/2000,26.9,27.27,26.81,26.94,36002,USD,299
"Brent Oil",4/20/2000,23.75,23.97,23.55,23.83,22805,USD,300
"Brent Oil",7/26/2000,26.9,27.45,26.78,26.83,35040,USD,301
"Brent Oil",5/22/2001,29.5,29.6,29.31,29.36,29742,USD,302
"Brent Oil",4/25/2000,23.85,23.85,23.3,23.33,26924,USD,303
"Brent Oil",7/27/2000,27,27.25,26.9,27.15,26698,USD,304
"Brent Oil",5/23/2001,29.28,29.4,29.05,29.24,30238,USD,305
"Brent Oil",4/26/2000,23.3,23.35,22.95,22.98,26611,USD,306
"Brent Oil",5/24/2001,29.17,29.48,28.2,28.53,54773,USD,307
"Brent Oil",4/27/2000,23.05,23.85,23.05,23.76,35867,USD,308
"Brent Oil",4/28/2000,23.95,24.35,23.85,23.89,39063,USD,309
"Brent Oil",7/28/2000,27.35,27.62,27.25,27.36,26271,USD,310
"Brent Oil",5/2/2000,24.1,25.37,24.05,25.08,40256,USD,311
"Brent Oil",7/31/2000,27.35,27.45,26.65,26.93,23696,USD,312
"Brent Oil",8/1/2000,26.8,27.45,26.73,27.14,24996,USD,313
"Brent Oil",8/2/2000,27.6,27.87,27.5,27.59,33784,USD,314
"Brent Oil",2/6/2002,19.6,19.77,19.25,19.31,39365,USD,315
"Brent Oil",5/3/2000,25.15,25.7,24.9,25,41787,USD,316
"Brent Oil",8/3/2000,27.6,28.35,27.6,28.31,29257,USD,317
"Brent Oil",2/7/2002,19.25,19.27,18.85,19.21,30872,USD,318
"Brent Oil",5/4/2000,24.9,25.5,24.73,25.15,27625,USD,319
"Brent Oil",2/8/2002,19.35,19.8,19.28,19.72,28061,USD,320
"Brent Oil",5/5/2000,25.16,25.4,24.95,25.29,17915,USD,321
"Brent Oil",8/4/2000,28.45,29.55,28.45,29.37,28656,USD,322
"Brent Oil",2/11/2002,19.65,21.71,19.5,21.44,51034,USD,323
"Brent Oil",8/7/2000,29.45,29.5,28.47,28.52,23133,USD,324
"Brent Oil",2/12/2002,21.3,21.38,20.4,20.46,34168,USD,325
"Brent Oil",8/8/2000,28.55,28.95,28.37,28.9,16516,USD,326
"Brent Oil",2/13/2002,20.35,21,20.28,20.7,22644,USD,327
"Brent Oil",8/9/2000,29.8,30.15,29.52,29.87,30006,USD,328
"Brent Oil",2/14/2002,21.05,21.4,20.8,20.82,43260,USD,329
"Brent Oil",8/10/2000,29.8,31.08,29.63,30.88,26337,USD,330
"Brent Oil",2/15/2002,21,21.08,20.65,20.87,29767,USD,331
"Brent Oil",8/11/2000,30.65,31.44,30.5,30.57,16674,USD,332
"Brent Oil",8/14/2000,30.5,31.5,30.5,31.48,13734,USD,333
"Brent Oil",8/15/2000,31.5,32.8,31.5,32.18,23138,USD,334
"Brent Oil",8/16/2000,31.6,32.68,31.6,32.53,10095,USD,335
"Brent Oil",2/18/2002,20.87,20.89,20.3,20.33,16274,USD,336
"Brent Oil",2/19/2002,20.35,20.7,20.31,20.52,28167,USD,337
"Brent Oil",2/20/2002,20.3,20.3,19.8,19.86,29165,USD,338
"Brent Oil",8/17/2000,30,30.77,30,30.16,36030,USD,339
"Brent Oil",8/18/2000,30.4,30.91,30.3,30.44,23954,USD,340
"Brent Oil",2/21/2002,20.3,20.66,20.03,20.37,37781,USD,341
"Brent Oil",8/21/2000,30.6,31.15,30.58,30.6,27109,USD,342
"Brent Oil",2/22/2002,20.37,20.57,20.2,20.37,26086,USD,343
"Brent Oil",8/22/2000,30.8,31.24,29.9,29.93,43036,USD,344
"Brent Oil",2/25/2002,20.3,20.34,19.96,19.98,34855,USD,345
"Brent Oil",8/23/2000,30.9,31.18,30.55,30.69,33749,USD,346
"Brent Oil",8/24/2000,30.81,30.86,30.22,30.35,27115,USD,347
"Brent Oil",2/26/2002,19.85,21.06,19.85,20.86,47064,USD,348
"Brent Oil",8/25/2000,30.57,30.62,30.17,30.39,22999,USD,349
"Brent Oil",2/27/2002,20.8,21.32,20.63,20.85,51024,USD,350
"Brent Oil",2/28/2002,20.9,21.4,20.85,21.33,44562,USD,351
"Brent Oil",8/29/2000,31.49,31.49,31.1,31.36,13200,USD,352
"Brent Oil",3/1/2002,21.35,22.25,21.2,21.89,51922,USD,353
"Brent Oil",8/30/2000,31.36,32,30.67,31.98,37301,USD,354
"Brent Oil",8/31/2000,31.75,32.12,31.62,31.72,26857,USD,355
"Brent Oil",3/4/2002,21.85,22.02,21.62,21.94,31238,USD,356
"Brent Oil",5/8/2000,25.3,26.15,25.25,26.08,23069,USD,357
"Brent Oil",9/1/2000,31.65,31.87,31.46,31.85,15430,USD,358
"Brent Oil",3/5/2002,22.15,22.92,22.1,22.79,44425,USD,359
"Brent Oil",5/9/2000,25.71,26.95,25.71,26.82,27929,USD,360
"Brent Oil",9/4/2000,31.95,32.85,31.95,32.84,13755,USD,361
"Brent Oil",3/6/2002,22.91,23,22.18,22.72,36551,USD,362
"Brent Oil",5/10/2000,26.6,26.74,26.32,26.42,26104,USD,363
"Brent Oil",9/5/2000,32.8,33,32.38,32.98,29720,USD,364
"Brent Oil",3/7/2002,23.1,24.15,22.9,23.3,48934,USD,365
"Brent Oil",9/6/2000,33.05,34.3,33.03,34.28,37684,USD,366
"Brent Oil",3/8/2002,23.05,23.35,22.65,23.33,32560,USD,367
"Brent Oil",3/11/2002,23.8,24.05,23.53,23.89,23143,USD,368
"Brent Oil",5/25/2001,28.43,28.65,28.38,28.48,27666,USD,369
"Brent Oil",3/12/2002,23.67,23.9,23.37,23.7,19954,USD,370
"Brent Oil",9/7/2000,34.35,34.6,33.46,34.55,39007,USD,371
"Brent Oil",5/29/2001,28.47,29.23,28.42,29.17,33982,USD,372
"Brent Oil",9/8/2000,33.85,33.85,32.35,32.78,40607,USD,373
"Brent Oil",5/30/2001,29.28,29.3,28.88,29.14,34742,USD,374
"Brent Oil",9/11/2000,32.2,34.25,32.1,33.62,41223,USD,375
"Brent Oil",5/31/2001,28.89,29.35,28.38,29.34,30989,USD,376
"Brent Oil",3/13/2002,24.2,24.25,23.6,23.89,21796,USD,377
"Brent Oil",3/14/2002,23.8,24.23,23.46,24.06,16754,USD,378
"Brent Oil",6/1/2001,29.27,29.27,28.7,29.07,28283,USD,379
"Brent Oil",3/15/2002,24.15,24.85,24.15,24.55,42931,USD,380
"Brent Oil",3/18/2002,24.4,25.2,24.16,25.07,35856,USD,381
"Brent Oil",6/4/2001,29.43,29.71,29.03,29.26,33080,USD,382
"Brent Oil",3/19/2002,25.12,25.23,24.73,24.91,38023,USD,383
"Brent Oil",6/5/2001,29.32,29.69,28.93,29.68,29042,USD,384
"Brent Oil",6/20/2002,24.72,25.1,24.52,25.07,42934,USD,385
"Brent Oil",3/20/2002,25.17,25.6,24.6,24.66,46577,USD,386
"Brent Oil",6/6/2001,29.18,29.25,28.7,28.96,22174,USD,387
"Brent Oil",3/21/2002,24.55,25.58,24.4,25.42,35143,USD,388
"Brent Oil",6/21/2002,25.15,25.4,24.35,24.75,39443,USD,389
"Brent Oil",6/24/2002,24.89,25.32,24.76,25.27,38423,USD,390
"Brent Oil",6/25/2002,25.45,25.85,25.15,25.2,45585,USD,391
"Brent Oil",6/7/2001,28.84,28.84,28.43,28.5,27596,USD,392
"Brent Oil",3/22/2002,25.26,25.68,25.1,25.36,35427,USD,393
"Brent Oil",6/26/2002,25.3,25.35,24.66,25.24,40146,USD,394
"Brent Oil",6/8/2001,28.45,29.5,28.45,29.44,19387,USD,395
"Brent Oil",3/25/2002,25.15,25.17,24.65,25.13,25425,USD,396
"Brent Oil",6/11/2001,29.72,30,29.44,29.57,19742,USD,397
"Brent Oil",6/27/2002,25.24,25.59,25.24,25.45,35476,USD,398
"Brent Oil",3/26/2002,25.14,25.35,24.75,25.31,39735,USD,399
"Brent Oil",6/28/2002,25.5,25.68,25.18,25.58,28646,USD,400
"Brent Oil",6/12/2001,29.6,29.62,29.03,29.46,20046,USD,401
"Brent Oil",3/27/2002,25.65,25.72,25.32,25.44,31896,USD,402
"Brent Oil",7/1/2002,25.5,25.72,25.39,25.64,29579,USD,403
"Brent Oil",3/28/2002,25.62,25.95,25.3,25.92,36816,USD,404
"Brent Oil",6/13/2001,29.79,29.83,29.25,29.34,16722,USD,405
"Brent Oil",7/2/2002,25.61,25.97,25.6,25.75,37002,USD,406
"Brent Oil",4/2/2002,26.36,27.68,26.35,27.66,44780,USD,407
"Brent Oil",6/14/2001,29.13,29.82,29.04,29.59,11796,USD,408
"Brent Oil",7/3/2002,25.73,25.96,25.52,25.84,32959,USD,409
"Brent Oil",4/3/2002,26.98,27.4,26.8,27.27,28564,USD,410
"Brent Oil",6/15/2001,28.57,28.57,27.98,28.12,36099,USD,411
"Brent Oil",7/4/2002,25.88,25.94,25.5,25.55,12354,USD,412
"Brent Oil",6/18/2001,28.08,28.08,26.97,27.01,40105,USD,413
"Brent Oil",7/5/2002,25.65,25.75,25.42,25.73,10773,USD,414
"Brent Oil",6/19/2001,27.1,27.34,26.72,26.98,41236,USD,415
"Brent Oil",4/4/2002,27.28,28.15,26.8,27.31,59021,USD,416
"Brent Oil",7/8/2002,25.7,25.75,24.96,25.08,30324,USD,417
"Brent Oil",9/12/2000,33.9,34.37,32.26,32.48,23665,USD,418
"Brent Oil",4/5/2002,26.75,27.3,25.3,25.99,37418,USD,419
"Brent Oil",9/13/2000,32.01,32.37,31.3,31.53,23409,USD,420
"Brent Oil",7/9/2002,25.1,25.2,24.75,25.17,33271,USD,421
"Brent Oil",4/8/2002,26.78,27.43,26.4,27.02,34387,USD,422
"Brent Oil",9/14/2000,31.7,32.02,31.4,31.94,16542,USD,423
"Brent Oil",6/20/2001,26.88,27.15,26.05,26.09,49739,USD,424
"Brent Oil",7/10/2002,25.38,26.02,25.31,25.93,37084,USD,425
"Brent Oil",9/15/2000,32.8,34.05,32.65,33.98,37446,USD,426
"Brent Oil",7/11/2002,25.72,26.07,25.7,25.96,19688,USD,427
"Brent Oil",4/9/2002,26.6,26.7,26.05,26.08,27131,USD,428
"Brent Oil",7/12/2002,26.1,26.44,26.05,26.32,26387,USD,429
"Brent Oil",6/21/2001,26.24,26.47,25.87,26.3,44278,USD,430
"Brent Oil",4/10/2002,25.95,26.3,25.73,26.01,26325,USD,431
"Brent Oil",9/18/2000,33.8,34.98,33.75,34.46,36738,USD,432
"Brent Oil",6/22/2001,26.48,26.94,26.22,26.59,30427,USD,433
"Brent Oil",4/11/2002,25.91,25.91,25,25.04,25852,USD,434
"Brent Oil",9/19/2000,34.38,34.46,33.6,33.63,42965,USD,435
"Brent Oil",6/25/2001,26.65,27.08,26.65,27.07,24262,USD,436
"Brent Oil",4/12/2002,24.6,25,23.81,24.29,33460,USD,437
"Brent Oil",7/15/2002,26.5,26.66,26.05,26.06,41234,USD,438
"Brent Oil",9/20/2000,34.25,34.81,33.7,33.74,45123,USD,439
"Brent Oil",6/26/2001,27.25,27.31,26.7,26.99,30337,USD,440
"Brent Oil",7/16/2002,26.14,26.41,25.9,26.28,15596,USD,441
"Brent Oil",9/21/2000,33.55,34.08,32.7,32.73,49300,USD,442
"Brent Oil",6/27/2001,26.55,26.68,25.24,25.66,51641,USD,443
"Brent Oil",4/15/2002,24.62,24.8,24.35,24.7,16333,USD,444
"Brent Oil",7/17/2002,26.35,26.5,26.05,26.44,38021,USD,445
"Brent Oil",6/28/2001,25.68,25.77,24.91,25.4,50507,USD,446
"Brent Oil",4/16/2002,24.1,24.91,24.08,24.58,59810,USD,447
"Brent Oil",7/18/2002,26.3,26.4,26.16,26.28,27402,USD,448
"Brent Oil",9/22/2000,32.8,33.08,31.2,31.25,44277,USD,449
"Brent Oil",6/29/2001,25.6,26.1,25.42,26.08,32957,USD,450
"Brent Oil",4/17/2002,25.08,25.43,24.82,25.38,57267,USD,451
"Brent Oil",7/19/2002,26.11,26.52,25.85,26.43,48103,USD,452
"Brent Oil",9/25/2000,30.25,30.97,29.9,30.24,47449,USD,453
"Brent Oil",4/18/2002,25.45,26.05,25.45,25.77,50296,USD,454
"Brent Oil",7/22/2002,25.23,26.15,25.15,25.42,48524,USD,455
"Brent Oil",9/26/2000,30.4,30.75,30.27,30.42,34572,USD,456
"Brent Oil",7/23/2002,25.46,25.57,24.98,25.04,42260,USD,457
"Brent Oil",4/19/2002,25.4,25.9,25.16,25.85,37845,USD,458
"Brent Oil",7/2/2001,26.3,26.42,25.1,25.64,31885,USD,459
"Brent Oil",7/24/2002,25.35,25.54,24.65,25.33,61428,USD,460
"Brent Oil",7/25/2002,25.42,25.47,25.05,25.26,27609,USD,461
"Brent Oil",7/3/2001,25.55,25.61,25.07,25.36,29639,USD,462
"Brent Oil",9/27/2000,30.6,31.27,30.5,30.54,30669,USD,463
"Brent Oil",7/26/2002,25.15,25.16,24.8,25.03,27501,USD,464
"Brent Oil",7/4/2001,25.5,25.85,25.5,25.8,10656,USD,465
"Brent Oil",9/28/2000,30.35,30.35,29.25,29.26,35643,USD,466
"Brent Oil",4/22/2002,26.3,26.39,25.32,25.89,47115,USD,467
"Brent Oil",7/29/2002,25.03,25.08,24.8,25,25757,USD,468
"Brent Oil",7/5/2001,25.9,25.95,25.3,25.84,26330,USD,469
"Brent Oil",9/29/2000,29.47,30,29.35,29.84,26728,USD,470
"Brent Oil",4/23/2002,26.05,26.15,25.7,26,47368,USD,471
"Brent Oil",7/30/2002,25.03,25.82,25.03,25.68,39895,USD,472
"Brent Oil",7/6/2001,25.84,26.9,25.81,26.81,34200,USD,473
"Brent Oil",10/2/2000,30.2,31.27,30.1,31.08,23788,USD,474
"Brent Oil",7/31/2002,25.82,26.01,25.4,25.44,38702,USD,475
"Brent Oil",7/9/2001,26.7,26.76,26.15,26.15,28194,USD,476
"Brent Oil",10/3/2000,31,31.19,30.7,31.05,21899,USD,477
"Brent Oil",4/24/2002,25.56,25.78,25.37,25.76,36520,USD,478
"Brent Oil",8/1/2002,25.35,25.63,24.99,25.01,34787,USD,479
"Brent Oil",7/10/2001,26.18,26.26,25.75,25.93,29776,USD,480
"Brent Oil",10/4/2000,30.75,30.75,30.35,30.52,22206,USD,481
"Brent Oil",4/25/2002,25.65,26.25,25.37,25.93,53915,USD,482
"Brent Oil",8/2/2002,24.9,25.33,24.65,25.31,40282,USD,483
"Brent Oil",4/26/2002,25.75,26.22,25.63,26.19,27983,USD,484
"Brent Oil",8/5/2002,25.35,25.45,24.73,24.89,31611,USD,485
"Brent Oil",4/29/2002,25.95,26.73,25.85,26.68,26897,USD,486
"Brent Oil",7/11/2001,25.62,25.92,25.25,25.52,31996,USD,487
"Brent Oil",10/5/2000,29.9,29.95,29.42,29.89,28418,USD,488
"Brent Oil",4/30/2002,26.55,26.71,26.26,26.47,39141,USD,489
"Brent Oil",8/6/2002,24.89,25.56,24.84,25.53,35995,USD,490
"Brent Oil",7/12/2001,25.25,25.28,24.53,25.14,33729,USD,491
"Brent Oil",5/1/2002,26,26.2,25.77,25.87,39925,USD,492
"Brent Oil",8/7/2002,25.32,25.49,24.76,24.95,31056,USD,493
"Brent Oil",10/6/2000,30.1,30.22,29.85,30.1,14359,USD,494
"Brent Oil",8/8/2002,24.95,25.2,24.75,25.11,26312,USD,495
"Brent Oil",10/9/2000,30.7,30.96,30.24,30.76,17372,USD,496
"Brent Oil",7/13/2001,25.3,25.3,24.94,24.97,33028,USD,497
"Brent Oil",8/9/2002,25.19,25.37,24.92,25.34,21894,USD,498
"Brent Oil",5/2/2002,25.62,25.65,24.79,25.43,52149,USD,499
"Brent Oil",10/10/2000,31.1,31.9,31,31.85,20903,USD,500
"Brent Oil",7/16/2001,24.95,25,24.56,24.78,9727,USD,501
"Brent Oil",8/12/2002,25.3,26.05,25,26.04,34254,USD,502
"Brent Oil",10/11/2000,32.65,32.65,31.5,31.79,21211,USD,503
"Brent Oil",7/17/2001,24.95,25.54,24.87,24.89,37177,USD,504
"Brent Oil",5/3/2002,25.54,25.78,24.98,25.75,42229,USD,505
"Brent Oil",8/13/2002,25.97,26.28,25.82,26.15,27564,USD,506
"Brent Oil",10/12/2000,31.58,35.3,31.55,34.59,26496,USD,507
"Brent Oil",7/18/2001,24.65,24.9,24.2,24.22,43513,USD,508
"Brent Oil",5/7/2002,25.4,25.53,24.78,25.41,47753,USD,509
"Brent Oil",8/14/2002,26.59,26.6,26.34,26.38,23114,USD,510
"Brent Oil",10/13/2000,34.85,35.07,32.5,32.52,23412,USD,511
"Brent Oil",7/19/2001,24.22,24.92,23.97,24.05,51312,USD,512
"Brent Oil",8/15/2002,26.4,26.92,26.32,26.8,9584,USD,513
"Brent Oil",5/8/2002,25.74,26.1,25.4,26.03,34557,USD,514
"Brent Oil",10/16/2000,31.95,32.97,31.85,31.9,9875,USD,515
"Brent Oil",8/16/2002,26.69,27.2,26.53,27,37497,USD,516
"Brent Oil",5/9/2002,25.9,26.2,25.58,25.94,29181,USD,517
"Brent Oil",8/19/2002,26.8,27.5,26.75,27.26,37516,USD,518
"Brent Oil",7/20/2001,24.35,24.8,24.15,24.64,31421,USD,519
"Brent Oil",5/10/2002,25.95,26.56,25.95,26.38,22263,USD,520
"Brent Oil",8/20/2002,27.3,27.45,27.04,27.1,36662,USD,521
"Brent Oil",7/23/2001,25.1,25.18,24.75,24.92,26938,USD,522
"Brent Oil",5/13/2002,25.9,26.6,25.9,26.58,26294,USD,523
"Brent Oil",10/17/2000,31.45,31.58,30.56,31.13,42689,USD,524
"Brent Oil",8/21/2002,26.8,27.68,26.77,27.41,57477,USD,525
"Brent Oil",7/24/2001,25,25.08,24.85,24.9,23870,USD,526
"Brent Oil",5/14/2002,26.8,27.35,26.8,27.31,28287,USD,527
"Brent Oil",10/18/2000,31.6,32.05,30.85,31.1,32325,USD,528
"Brent Oil",8/22/2002,27.4,27.59,27,27.02,33662,USD,529
"Brent Oil",10/19/2000,31.1,31.7,30.7,30.74,34936,USD,530
"Brent Oil",8/23/2002,26.96,27.1,26.79,26.99,37201,USD,531
"Brent Oil",7/25/2001,25,25.45,24.95,25.25,39402,USD,532
"Brent Oil",10/20/2000,30.92,31.7,30.68,31.62,28845,USD,533
"Brent Oil",5/15/2002,27.1,27.1,26.15,26.17,26390,USD,534
"Brent Oil",8/27/2002,27.68,27.92,27.17,27.22,46694,USD,535
"Brent Oil",7/26/2001,25.32,25.51,25.1,25.14,27233,USD,536
"Brent Oil",10/23/2000,32.05,32.18,31.32,32.09,29231,USD,537
"Brent Oil",8/28/2002,27.29,27.29,26.81,26.95,40006,USD,538
"Brent Oil",7/27/2001,25.2,25.36,24.7,25.19,32075,USD,539
"Brent Oil",10/24/2000,32.05,32.29,31.55,31.59,26542,USD,540
"Brent Oil",8/29/2002,26.85,27.57,26.77,27.52,30822,USD,541
"Brent Oil",7/30/2001,25.19,25.19,24.9,24.96,15990,USD,542
"Brent Oil",10/25/2000,31.8,32.15,31.3,31.36,26087,USD,543
"Brent Oil",5/16/2002,26.3,26.61,26.09,26.22,17599,USD,544
"Brent Oil",5/17/2002,26.64,26.64,25.75,26.36,43214,USD,545
"Brent Oil",7/31/2001,24.87,25.1,24.67,24.69,18930,USD,546
"Brent Oil",8/30/2002,27.35,27.64,27.29,27.47,24026,USD,547
"Brent Oil",10/26/2000,31.4,32.16,31.27,31.96,35538,USD,548
"Brent Oil",5/20/2002,26.36,26.67,26.15,26.38,34925,USD,549
"Brent Oil",8/1/2001,25.09,25.2,24.7,24.96,26061,USD,550
"Brent Oil",9/2/2002,27.4,27.56,27.25,27.54,15776,USD,551
"Brent Oil",10/27/2000,31.85,32.08,30.75,30.95,29982,USD,552
"Brent Oil",8/2/2001,24.97,26.18,24.97,26.13,36224,USD,553
"Brent Oil",9/3/2002,27.3,27.35,26.45,26.57,50547,USD,554
"Brent Oil",5/21/2002,26.28,26.3,25.5,25.6,54490,USD,555
"Brent Oil",8/3/2001,26.09,26.09,25.6,25.69,23982,USD,556
"Brent Oil",9/4/2002,26.54,27.35,26.54,27.1,38648,USD,557
"Brent Oil",5/22/2002,25.8,25.85,25.35,25.5,55430,USD,558
"Brent Oil",9/5/2002,27.48,27.7,27.13,27.66,42414,USD,559
"Brent Oil",10/30/2000,30.74,31.38,30.74,31.14,16146,USD,560
"Brent Oil",5/23/2002,25.75,25.98,25.35,25.39,44555,USD,561
"Brent Oil",8/6/2001,25.62,25.88,25.6,25.83,16894,USD,562
"Brent Oil",10/31/2000,31.09,31.1,30.38,30.76,32660,USD,563
"Brent Oil",11/1/2000,31.1,31.71,31.05,31.31,29110,USD,564
"Brent Oil",5/24/2002,25.43,25.55,24.98,25.18,45884,USD,565
"Brent Oil",11/2/2000,30.85,31.13,30.45,30.78,31608,USD,566
"Brent Oil",5/27/2002,25.27,25.27,24.91,24.94,20605,USD,567
"Brent Oil",8/7/2001,25.8,26.55,25.8,26.08,26395,USD,568
"Brent Oil",11/3/2000,30.5,31,30.32,30.85,21511,USD,569
"Brent Oil",8/8/2001,26.28,26.41,25.57,25.7,28479,USD,570
"Brent Oil",9/6/2002,28.1,28.95,28.07,28.29,40078,USD,571
"Brent Oil",5/28/2002,24.95,25.3,24.75,24.76,47944,USD,572
"Brent Oil",11/6/2000,30.63,31.3,30.4,31.29,24201,USD,573
"Brent Oil",5/29/2002,24.5,25.18,24.4,25.12,38371,USD,574
"Brent Oil",11/7/2000,31.27,31.7,31.12,31.68,21892,USD,575
"Brent Oil",9/9/2002,28.61,28.65,28.05,28.49,22797,USD,576
"Brent Oil",8/9/2001,25.7,25.92,25.51,25.68,14167,USD,577
"Brent Oil",5/30/2002,24.68,24.68,23.93,24.05,45456,USD,578
"Brent Oil",11/8/2000,31.68,31.74,30.88,31.32,25258,USD,579
"Brent Oil",9/10/2002,28.57,29.02,28.52,28.58,29047,USD,580
"Brent Oil",8/10/2001,25.89,26.4,25.86,25.98,24753,USD,581
"Brent Oil",5/31/2002,24.3,24.8,24.1,24.45,26658,USD,582
"Brent Oil",9/11/2002,28.38,28.75,28.36,28.39,22487,USD,583
"Brent Oil",8/13/2001,26.15,26.28,25.8,25.88,25762,USD,584
"Brent Oil",6/5/2002,24.1,24.3,24,24.18,33046,USD,585
"Brent Oil",11/9/2000,31.32,32.2,31.31,32.16,31019,USD,586
"Brent Oil",9/12/2002,28.51,28.59,27.48,27.73,26761,USD,587
"Brent Oil",8/14/2001,25.95,26.04,25.75,25.99,19183,USD,588
"Brent Oil",11/10/2000,32.1,32.2,31.8,32.02,22665,USD,589
"Brent Oil",9/13/2002,27.78,28.43,27.62,28.31,14834,USD,590
"Brent Oil",8/15/2001,26.1,26.33,25.51,25.55,29206,USD,591
"Brent Oil",11/13/2000,32.3,32.98,31.95,32.94,26931,USD,592
"Brent Oil",9/16/2002,28.68,28.68,28.21,28.52,31986,USD,593
"Brent Oil",8/16/2001,25.55,25.75,25.45,25.55,9162,USD,594
"Brent Oil",11/14/2000,32.98,33.55,32.25,32.69,17940,USD,595
"Brent Oil",8/17/2001,25.74,25.85,24.65,24.73,45433,USD,596
"Brent Oil",9/17/2002,27.27,28.08,27.27,27.97,45484,USD,597
"Brent Oil",11/15/2000,32.8,34,32.8,33.9,8630,USD,598
"Brent Oil",9/18/2002,28.17,28.54,28.06,28.32,41314,USD,599
"Brent Oil",11/16/2000,32.8,33.12,32.7,32.77,29238,USD,600
"Brent Oil",9/19/2002,28.42,28.65,28.09,28.38,35962,USD,601
"Brent Oil",8/20/2001,24.68,25.15,24.5,25.05,28963,USD,602
"Brent Oil",11/17/2000,32.3,33.1,32.2,33.08,25160,USD,603
"Brent Oil",8/21/2001,25.24,25.55,25.02,25.49,30146,USD,604
"Brent Oil",11/20/2000,33.38,33.95,32.8,33.07,35107,USD,605
"Brent Oil",8/22/2001,25.9,25.94,25.33,25.34,35424,USD,606
"Brent Oil",11/21/2000,33,33.48,32.85,33.1,23516,USD,607
"Brent Oil",8/23/2001,25.3,25.7,25.26,25.6,31527,USD,608
"Brent Oil",9/20/2002,28.4,28.7,28.35,28.43,27652,USD,609
"Brent Oil",8/24/2001,25.84,26.2,25.62,25.95,38927,USD,610
"Brent Oil",8/28/2001,25.85,26.55,25.8,26.47,30988,USD,611
"Brent Oil",11/22/2000,32.73,33.32,32.65,33.24,21069,USD,612
"Brent Oil",9/23/2002,28.86,29.37,28.72,29.13,37419,USD,613
"Brent Oil",8/29/2001,26.57,26.79,26.2,26.53,39594,USD,614
"Brent Oil",11/23/2000,33.24,33.65,32.9,33.28,12512,USD,615
"Brent Oil",9/24/2002,29.45,29.88,28.99,29.11,34282,USD,616
"Brent Oil",9/25/2002,29.02,29.23,28.83,29.06,28924,USD,617
"Brent Oil",8/30/2001,26.4,26.42,26.03,26.09,30136,USD,618
"Brent Oil",11/24/2000,33.25,33.41,33.1,33.12,10712,USD,619
"Brent Oil",9/26/2002,29.1,29.2,28.66,28.89,25378,USD,620
"Brent Oil",11/27/2000,33,33.45,32.91,33.06,25549,USD,621
"Brent Oil",6/6/2002,24.4,24.55,23.63,24.22,41669,USD,622
"Brent Oil",9/27/2002,28.91,29.15,28.66,28.88,33705,USD,623
"Brent Oil",11/28/2000,33,33,32.1,32.19,29194,USD,624
"Brent Oil",9/30/2002,29.3,29.3,28.69,28.75,33365,USD,625
"Brent Oil",8/31/2001,26.15,26.47,26.15,26.41,18823,USD,626
"Brent Oil",10/1/2002,28.85,29.39,28.7,29.01,37892,USD,627
"Brent Oil",9/3/2001,26.5,26.68,26.5,26.54,12843,USD,628
"Brent Oil",6/7/2002,24.05,24.25,23.9,23.99,23170,USD,629
"Brent Oil",11/29/2000,32,32.75,31.95,32.68,35458,USD,630
"Brent Oil",9/4/2001,26.52,26.6,26.13,26.26,32169,USD,631
"Brent Oil",6/10/2002,23.94,24.07,23.62,23.66,31050,USD,632
"Brent Oil",11/30/2000,32.64,33.15,31.8,31.88,36856,USD,633
"Brent Oil",10/2/2002,28.98,29.24,28.73,28.82,36728,USD,634
"Brent Oil",9/5/2001,26.24,26.6,26.06,26.32,27414,USD,635
"Brent Oil",6/11/2002,23.65,23.74,23.22,23.3,38948,USD,636
"Brent Oil",12/1/2000,31.88,32.32,30.1,30.17,33042,USD,637
"Brent Oil",10/3/2002,28.92,29.05,28.15,28.26,43109,USD,638
"Brent Oil",9/6/2001,26.33,27,26.32,26.96,40707,USD,639
"Brent Oil",10/4/2002,28.34,28.48,27.9,28.12,34685,USD,640
"Brent Oil",9/7/2001,26.95,27.8,26.9,27.69,47575,USD,641
"Brent Oil",12/4/2000,30.5,30.81,29.2,29.34,38634,USD,642
"Brent Oil",6/12/2002,23.4,23.7,23.24,23.51,35154,USD,643
"Brent Oil",10/7/2002,28.5,28.6,28.02,28.23,29975,USD,644
"Brent Oil",6/13/2002,23.75,24.23,23.75,24.06,22400,USD,645
"Brent Oil",10/8/2002,28.2,28.2,27.6,28.09,32750,USD,646
"Brent Oil",6/14/2002,24.85,25.1,24.35,24.99,39114,USD,647
"Brent Oil",9/10/2001,27.6,27.75,27.4,27.45,29510,USD,648
"Brent Oil",10/9/2002,28.09,28.4,27.87,28.13,31435,USD,649
"Brent Oil",12/5/2000,29.55,29.65,27.65,27.79,46744,USD,650
"Brent Oil",9/11/2001,27.39,31.05,27.25,29.06,49533,USD,651
"Brent Oil",10/10/2002,28,28,27.35,27.74,27113,USD,652
"Brent Oil",12/6/2000,27.84,28.43,26.7,28.01,37075,USD,653
"Brent Oil",6/17/2002,25.28,25.64,25.05,25.24,37231,USD,654
"Brent Oil",10/11/2002,27.9,28.1,27.85,27.99,24173,USD,655
"Brent Oil",12/7/2000,28.36,28.45,27.2,27.47,26641,USD,656
"Brent Oil",6/18/2002,25.05,25.1,24.75,24.79,26335,USD,657
"Brent Oil",10/14/2002,28.06,28.54,27.88,28.5,21102,USD,658
"Brent Oil",12/8/2000,27.3,27.3,26.13,26.56,22888,USD,659
"Brent Oil",9/12/2001,29.1,29.5,28,28.02,34927,USD,660
"Brent Oil",6/19/2002,24.9,25.2,24.5,24.55,45006,USD,661
"Brent Oil",12/11/2000,26.98,27.6,26.77,27.54,20971,USD,662
"Brent Oil",9/13/2001,27.74,28.18,27.55,28.1,15665,USD,663
"Brent Oil",10/15/2002,28.36,28.78,28.3,28.5,26056,USD,664
"Brent Oil",12/12/2000,27.6,27.82,26.8,27.06,19912,USD,665
"Brent Oil",9/14/2001,28.45,29.82,28.45,29.43,44311,USD,666
"Brent Oil",12/13/2000,27.4,27.4,25,25.14,15441,USD,667
"Brent Oil",9/17/2001,29.43,29.8,28.35,28.38,65668,USD,668
"Brent Oil",10/16/2002,28.5,28.7,28.34,28.58,10028,USD,669
"Brent Oil",9/18/2001,28.5,28.52,27.2,27.27,56461,USD,670
"Brent Oil",10/17/2002,27.68,28.09,27.55,27.97,41698,USD,671
"Brent Oil",12/14/2000,25.6,25.92,25.2,25.36,5177,USD,672
"Brent Oil",10/18/2002,27.74,27.95,27.65,27.84,32575,USD,673
"Brent Oil",10/21/2002,27.72,27.75,26.52,26.59,58027,USD,674
"Brent Oil",12/15/2000,25.65,26.1,25.33,25.89,24302,USD,675
"Brent Oil",10/22/2002,26.49,26.76,26.15,26.43,49315,USD,676
"Brent Oil",12/18/2000,26.14,26.84,25.98,26.24,29922,USD,677
"Brent Oil",10/23/2002,26.4,26.75,26.3,26.51,39794,USD,678
"Brent Oil",12/19/2000,26.25,26.25,24.95,25,34403,USD,679
"Brent Oil",10/24/2002,26.56,26.81,26.36,26.46,34124,USD,680
"Brent Oil",2/28/2003,33.1,33.45,32.75,32.79,38504,USD,681
"Brent Oil",12/20/2000,25.2,25.23,22.9,22.97,35702,USD,682
"Brent Oil",3/3/2003,32.45,32.52,32.01,32.48,34952,USD,683
"Brent Oil",12/21/2000,23.56,24.08,23.4,23.61,36425,USD,684
"Brent Oil",12/22/2000,23.85,23.87,23.51,23.66,13148,USD,685
"Brent Oil",3/4/2003,32.48,33.5,32.45,33.09,38306,USD,686
"Brent Oil",10/25/2002,26.5,26.62,25.35,25.46,52420,USD,687
"Brent Oil",3/5/2003,33.32,33.8,32.55,33,36570,USD,688
"Brent Oil",10/28/2002,25.6,25.8,25.12,25.68,41496,USD,689
"Brent Oil",3/6/2003,33.3,33.71,33.3,33.53,36813,USD,690
"Brent Oil",12/27/2000,24.3,24.54,23.94,24.04,24785,USD,691
"Brent Oil",10/29/2002,25.68,25.78,25.3,25.31,23475,USD,692
"Brent Oil",3/7/2003,33.68,34.2,33.41,34.1,41835,USD,693
"Brent Oil",12/28/2000,23.65,23.93,23.63,23.71,23306,USD,694
"Brent Oil",10/30/2002,25.36,25.7,25.05,25.3,45664,USD,695
"Brent Oil",3/10/2003,34.55,34.55,33.63,33.69,27885,USD,696
"Brent Oil",10/31/2002,25.41,25.85,25.38,25.72,36594,USD,697
"Brent Oil",3/11/2003,33.94,34,33.05,33.29,30453,USD,698
"Brent Oil",12/29/2000,23.15,24.15,23.02,23.87,16639,USD,699
"Brent Oil",3/12/2003,32.98,34.01,32.78,33.91,29127,USD,700
"Brent Oil",1/2/2001,24.4,24.9,24.2,24.3,25213,USD,701
"Brent Oil",3/13/2003,33.85,34.06,32.25,32.43,29648,USD,702
"Brent Oil",11/1/2002,25.77,26.05,25.4,25.41,40691,USD,703
"Brent Oil",1/3/2001,24.5,25.3,24.2,25.03,36398,USD,704
"Brent Oil",3/14/2003,32.2,33.33,30.55,31.38,11391,USD,705
"Brent Oil",11/4/2002,25.25,25.54,25,25.02,45691,USD,706
"Brent Oil",1/4/2001,25.09,25.85,24.77,25.35,32805,USD,707
"Brent Oil",3/17/2003,30.35,31.65,29,29.48,41192,USD,708
"Brent Oil",9/19/2001,27.38,27.6,25.65,26.32,64685,USD,709
"Brent Oil",1/5/2001,25.4,26.02,25.15,25.18,34988,USD,710
"Brent Oil",3/18/2003,28.7,28.8,26.4,27.25,57589,USD,711
"Brent Oil",9/20/2001,26.4,26.86,25.83,25.92,50072,USD,712
"Brent Oil",11/5/2002,25.05,25.13,24.1,24.12,45834,USD,713
"Brent Oil",3/19/2003,27.75,28,26.7,26.75,52986,USD,714
"Brent Oil",9/21/2001,26,26.48,25.29,25.44,45345,USD,715
"Brent Oil",11/6/2002,24.03,24.39,23.6,23.7,52094,USD,716
"Brent Oil",3/20/2003,26.11,27.5,25.3,25.5,57733,USD,717
"Brent Oil",9/24/2001,25.1,25.16,21.7,22.02,77065,USD,718
"Brent Oil",3/21/2003,25.95,26,24,24.35,56649,USD,719
"Brent Oil",3/24/2003,24.5,26.35,24.5,26.09,43656,USD,720
"Brent Oil",3/25/2003,26.4,26.92,24.6,24.81,41167,USD,721
"Brent Oil",11/7/2002,23.86,24.6,23.25,23.48,64121,USD,722
"Brent Oil",3/26/2003,25.8,25.8,25.05,25.29,39077,USD,723
"Brent Oil",9/25/2001,22.5,23.15,21.35,22.38,54479,USD,724
"Brent Oil",11/8/2002,23.66,23.92,23.32,23.58,49163,USD,725
"Brent Oil",3/27/2003,25.58,27,25.58,26.82,48266,USD,726
"Brent Oil",9/26/2001,22,23.05,20.7,23,59053,USD,727
"Brent Oil",11/11/2002,23.75,24.3,23.65,23.79,41556,USD,728
"Brent Oil",3/28/2003,27.15,27.74,26.3,26.35,35035,USD,729
"Brent Oil",9/27/2001,22.8,23.12,22.15,22.79,38450,USD,730
"Brent Oil",11/12/2002,23.84,24.1,23.6,23.72,36126,USD,731
"Brent Oil",3/31/2003,26.36,27.5,26.36,27.18,31657,USD,732
"Brent Oil",11/13/2002,24,24.04,22.6,22.7,57263,USD,733
"Brent Oil",4/1/2003,27.56,27.56,26.25,26.36,36955,USD,734
"Brent Oil",9/28/2001,23.13,23.33,22.92,23.26,33145,USD,735
"Brent Oil",4/2/2003,26.18,26.3,25.05,25.21,37607,USD,736
"Brent Oil",10/1/2001,23.2,23.25,22.25,22.89,27382,USD,737
"Brent Oil",4/3/2003,25.04,25.87,24.53,25.5,39491,USD,738
"Brent Oil",11/14/2002,22.85,23.02,22.56,22.81,15747,USD,739
"Brent Oil",10/2/2001,22.79,22.79,22.02,22.05,30572,USD,740
"Brent Oil",4/4/2003,25.38,25.38,24.3,24.68,40127,USD,741
"Brent Oil",11/15/2002,23.1,23.39,22.98,23.35,34487,USD,742
"Brent Oil",10/3/2001,21.82,21.94,21.29,21.52,32650,USD,743
"Brent Oil",4/7/2003,24.3,24.9,23.4,24.58,34846,USD,744
"Brent Oil",11/18/2002,23.59,24.38,23.52,24.28,44167,USD,745
"Brent Oil",4/8/2003,24.1,24.88,23.86,24.6,30460,USD,746
"Brent Oil",11/19/2002,24.6,24.78,24.05,24.08,42911,USD,747
"Brent Oil",4/9/2003,24.8,25.4,24.47,25.25,31311,USD,748
"Brent Oil",11/20/2002,24.15,24.65,24.07,24.53,42786,USD,749
"Brent Oil",4/10/2003,25.1,25.34,24.3,24.47,26536,USD,750
"Brent Oil",11/21/2002,24.65,25.06,24.65,24.83,46271,USD,751
"Brent Oil",4/11/2003,24.75,24.82,24.03,24.75,28470,USD,752
"Brent Oil",11/22/2002,24.85,25.33,24.75,25.21,45931,USD,753
"Brent Oil",4/14/2003,24.65,25.08,24.2,24.99,34183,USD,754
"Brent Oil",1/8/2001,25.33,25.63,24.4,24.43,27818,USD,755
"Brent Oil",4/15/2003,24.9,25.37,24.5,25.2,20131,USD,756
"Brent Oil",1/9/2001,24.5,24.83,24.12,24.59,33452,USD,757
"Brent Oil",4/16/2003,25.22,25.45,24.8,25.02,35677,USD,758
"Brent Oil",11/25/2002,25.51,25.71,24.65,24.67,43909,USD,759
"Brent Oil",1/10/2001,24.78,25.4,24.42,25.34,29651,USD,760
"Brent Oil",4/17/2003,25.1,25.9,25.1,25.88,35772,USD,761
"Brent Oil",11/26/2002,24.78,25,24.67,24.85,46668,USD,762
"Brent Oil",1/11/2001,25.55,25.9,25.2,25.61,24678,USD,763
"Brent Oil",4/22/2003,25.95,26.11,25.4,25.46,49336,USD,764
"Brent Oil",11/27/2002,25.04,25.42,25.04,25.25,41915,USD,765
"Brent Oil",4/23/2003,25.6,25.84,24.16,24.26,53488,USD,766
"Brent Oil",11/28/2002,25.35,25.37,24.95,25.01,15382,USD,767
"Brent Oil",11/12/2003,29.05,29.29,28.72,29.2,33379,USD,768
"Brent Oil",4/24/2003,24.6,24.66,23.5,24.33,61441,USD,769
"Brent Oil",11/29/2002,25.08,25.25,24.95,25.16,21471,USD,770
"Brent Oil",1/12/2001,25.8,25.85,25.59,25.75,15516,USD,771
"Brent Oil",4/25/2003,24.55,24.65,23.9,24.09,51571,USD,772
"Brent Oil",1/15/2001,25.98,26.28,25.75,26.18,13484,USD,773
"Brent Oil",4/28/2003,23.75,23.93,23.3,23.5,39227,USD,774
"Brent Oil",11/13/2003,29.2,29.37,28.95,29.21,15825,USD,775
"Brent Oil",1/16/2001,26.18,26.5,26.03,26.2,10597,USD,776
"Brent Oil",4/29/2003,23.2,23.4,23.05,23.26,41444,USD,777
"Brent Oil",11/14/2003,29.35,29.75,29.22,29.56,46864,USD,778
"Brent Oil",12/2/2002,25.35,25.75,25.17,25.62,44343,USD,779
"Brent Oil",4/30/2003,23.35,24.24,23.3,23.68,52361,USD,780
"Brent Oil",11/17/2003,29.56,29.56,28.94,29.05,35807,USD,781
"Brent Oil",12/3/2002,25.8,26.1,25.61,25.85,51165,USD,782
"Brent Oil",5/1/2003,24,24.1,23.71,23.82,28620,USD,783
"Brent Oil",11/18/2003,29,30.52,28.65,30.47,62577,USD,784
"Brent Oil",5/2/2003,24,24.39,23.34,23.52,36477,USD,785
"Brent Oil",1/17/2001,25.69,25.75,24.33,24.79,48767,USD,786
"Brent Oil",11/19/2003,30.22,30.43,29.6,29.78,68187,USD,787
"Brent Oil",5/6/2003,24.25,24.29,23.45,23.57,41850,USD,788
"Brent Oil",12/4/2002,25.78,26,25.12,25.18,38644,USD,789
"Brent Oil",1/18/2001,24.9,25.7,24.55,25.62,36135,USD,790
"Brent Oil",11/20/2003,29.58,30.4,29.4,29.56,54198,USD,791
"Brent Oil",5/7/2003,23.85,24.16,23.37,24.11,45783,USD,792
"Brent Oil",12/5/2002,25.32,25.9,25.2,25.8,35290,USD,793
"Brent Oil",11/21/2003,29.75,30,29.2,29.36,40897,USD,794
"Brent Oil",5/8/2003,24.15,24.9,23.94,24.65,48551,USD,795
"Brent Oil",1/19/2001,25.5,27.16,25.38,27.04,39380,USD,796
"Brent Oil",12/6/2002,25.9,26,25.38,25.46,24744,USD,797
"Brent Oil",11/24/2003,29.01,29.15,27.68,27.86,54290,USD,798
"Brent Oil",5/9/2003,24.8,25.47,24.54,25.1,46108,USD,799
"Brent Oil",12/9/2002,25.9,25.92,25.61,25.76,27083,USD,800
"Brent Oil",11/25/2003,28,28.25,27.4,27.94,57863,USD,801
"Brent Oil",5/12/2003,25.58,25.9,24.84,24.89,51066,USD,802
"Brent Oil",12/10/2002,25.67,26.48,25.47,26.42,37330,USD,803
"Brent Oil",11/26/2003,28.05,28.52,28.05,28.47,44123,USD,804
"Brent Oil",5/13/2003,25.39,25.93,25.1,25.9,29666,USD,805
"Brent Oil",12/11/2002,26.35,26.72,26.1,26.25,37257,USD,806
"Brent Oil",11/27/2003,28.5,28.75,28.37,28.7,21674,USD,807
"Brent Oil",5/14/2003,25.89,26.95,25.73,26.75,45393,USD,808
"Brent Oil",11/28/2003,28.66,28.77,28.44,28.45,19370,USD,809
"Brent Oil",12/12/2002,26.35,26.94,26.24,26.87,33537,USD,810
"Brent Oil",5/15/2003,26.65,27.01,26.53,26.73,12211,USD,811
"Brent Oil",12/1/2003,28.43,28.43,27.76,28.25,52235,USD,812
"Brent Oil",5/16/2003,25.61,26.19,25.3,26.1,48463,USD,813
"Brent Oil",12/2/2003,28.25,29.2,28.11,28.94,48176,USD,814
"Brent Oil",5/19/2003,26.3,26.5,25.41,25.61,45977,USD,815
"Brent Oil",12/3/2003,28.85,29.2,28.59,29.14,40573,USD,816
"Brent Oil",5/20/2003,25.7,25.85,25.32,25.65,48143,USD,817
"Brent Oil",12/4/2003,29.37,29.65,28.4,29.23,60855,USD,818
"Brent Oil",5/21/2003,25.75,26.7,25.73,26.21,57079,USD,819
"Brent Oil",12/5/2003,29.15,29.24,28.7,28.74,30746,USD,820
"Brent Oil",5/22/2003,26.15,26.18,25.62,25.97,47034,USD,821
"Brent Oil",12/8/2003,28.91,30.25,28.89,29.98,37021,USD,822
"Brent Oil",5/23/2003,26.04,26.48,26.02,26.24,30095,USD,823
"Brent Oil",12/9/2003,29.9,29.95,29.49,29.63,41649,USD,824
"Brent Oil",7/28/2004,38.4,39.68,38.25,39.53,57130,USD,825
"Brent Oil",5/27/2003,26.28,26.71,25.7,26.34,41796,USD,826
"Brent Oil",12/10/2003,29.63,30.3,29.43,29.66,45821,USD,827
"Brent Oil",7/29/2004,39.25,39.38,38.7,39.25,47282,USD,828
"Brent Oil",5/28/2003,26.2,26.35,25.5,25.59,37738,USD,829
"Brent Oil",12/11/2003,29.62,29.72,29.13,29.57,32279,USD,830
"Brent Oil",5/29/2003,25.65,26.25,25.27,26.03,46915,USD,831
"Brent Oil",12/12/2003,29.7,30.5,29.68,30.37,38075,USD,832
"Brent Oil",7/30/2004,39.55,40.05,39.45,40.03,34617,USD,833
"Brent Oil",5/30/2003,26.19,26.72,26,26.32,35051,USD,834
"Brent Oil",12/15/2003,29.61,30.42,29.6,30.32,35876,USD,835
"Brent Oil",8/2/2004,39.7,40.04,39.54,39.97,37042,USD,836
"Brent Oil",6/2/2003,26.7,27.54,26.5,27.38,47827,USD,837
"Brent Oil",8/3/2004,40.18,40.75,39.92,40.64,40903,USD,838
"Brent Oil",12/16/2003,30.32,30.6,30,30.38,12079,USD,839
"Brent Oil",6/3/2003,27.7,27.7,27.06,27.28,41110,USD,840
"Brent Oil",12/17/2003,30.08,30.9,30.05,30.59,44036,USD,841
"Brent Oil",8/4/2004,40.6,40.99,39.7,39.7,49324,USD,842
"Brent Oil",6/4/2003,27.1,27.57,26.58,26.81,38297,USD,843
"Brent Oil",12/18/2003,30.8,30.98,30.1,30.8,43711,USD,844
"Brent Oil",8/5/2004,39.85,41.3,39.85,41.12,37740,USD,845
"Brent Oil",6/5/2003,26.6,27.7,26.35,27.44,36343,USD,846
"Brent Oil",12/13/2002,27.2,27.74,26.94,27.21,38298,USD,847
"Brent Oil",8/6/2004,41.35,41.5,40.46,40.63,38132,USD,848
"Brent Oil",12/19/2003,30.8,31.15,30.02,30.05,33054,USD,849
"Brent Oil",6/6/2003,27.6,27.87,27.3,27.78,32217,USD,850
"Brent Oil",12/16/2002,27.71,28.4,27.65,28.38,17466,USD,851
"Brent Oil",8/9/2004,40.4,41.66,40.27,41.56,33092,USD,852
"Brent Oil",12/22/2003,30,30.11,28.9,28.99,46376,USD,853
"Brent Oil",6/9/2003,27.78,28.2,27.3,27.85,34585,USD,854
"Brent Oil",8/10/2004,41.41,41.69,41.11,41.28,38573,USD,855
"Brent Oil",12/23/2003,28.94,29.2,28.47,29.04,40269,USD,856
"Brent Oil",6/10/2003,28.17,28.17,27.44,28.08,35604,USD,857
"Brent Oil",12/17/2002,28.17,28.17,27.75,27.92,31095,USD,858
"Brent Oil",8/11/2004,41.2,41.7,40.4,41.57,40448,USD,859
"Brent Oil",12/24/2003,29.43,29.55,29,29.06,13351,USD,860
"Brent Oil",6/11/2003,27.9,28.52,27.78,28.39,32393,USD,861
"Brent Oil",12/18/2002,27.81,29,27.55,28.49,58035,USD,862
"Brent Oil",12/29/2003,29.5,29.53,29.15,29.31,23566,USD,863
"Brent Oil",8/12/2004,41.5,42.56,41.5,42.29,27962,USD,864
"Brent Oil",6/12/2003,28.4,28.43,27.68,27.83,32261,USD,865
"Brent Oil",12/19/2002,28.85,29.4,28.2,28.22,50950,USD,866
"Brent Oil",12/30/2003,29.38,30,29.38,29.74,27664,USD,867
"Brent Oil",8/13/2004,42.29,43.92,42,43.88,39551,USD,868
"Brent Oil",6/13/2003,27.83,28.37,27.1,27.46,17025,USD,869
"Brent Oil",12/20/2002,28.15,28.51,28.08,28.34,33402,USD,870
"Brent Oil",12/31/2003,29.85,30.2,29.79,30.17,13731,USD,871
"Brent Oil",8/16/2004,43.85,44.11,43.3,43.67,11280,USD,872
"Brent Oil",6/16/2003,26.65,26.75,26.11,26.65,45246,USD,873
"Brent Oil",12/23/2002,28.9,29.85,28.82,29.72,29867,USD,874
"Brent Oil",1/2/2004,29.57,30.01,29.3,29.32,13208,USD,875
"Brent Oil",8/17/2004,42.58,43.17,42.15,42.99,46445,USD,876
"Brent Oil",6/17/2003,26.68,27.1,26.3,26.67,36905,USD,877
"Brent Oil",1/5/2004,29.65,31,29.65,30.89,50062,USD,878
"Brent Oil",8/18/2004,42.83,43.4,42.55,43.03,50024,USD,879
"Brent Oil",12/24/2002,29.8,29.82,29.4,29.61,13497,USD,880
"Brent Oil",6/18/2003,26.47,26.51,25.8,26.26,61393,USD,881
"Brent Oil",1/6/2004,30.72,31.4,30.55,30.82,52345,USD,882
"Brent Oil",8/19/2004,43.25,44.35,43.18,44.33,45195,USD,883
"Brent Oil",6/19/2003,26.15,26.45,25.8,26.29,45693,USD,884
"Brent Oil",1/7/2004,30.64,30.97,30.25,30.76,45101,USD,885
"Brent Oil",8/20/2004,44.5,45.15,43.3,43.54,40916,USD,886
"Brent Oil",6/20/2003,26.29,27.16,26.29,27.02,47258,USD,887
"Brent Oil",12/27/2002,30.3,30.39,29.85,30.16,27939,USD,888
"Brent Oil",8/23/2004,43.88,44.05,42.96,43.03,41886,USD,889
"Brent Oil",1/8/2004,30.72,31.24,30.55,31.08,39203,USD,890
"Brent Oil",6/23/2003,27.15,27.53,26.67,26.93,35411,USD,891
"Brent Oil",12/30/2002,30.6,31.02,29.59,29.66,30469,USD,892
"Brent Oil",8/24/2004,42.8,42.99,42,42.32,55313,USD,893
"Brent Oil",1/9/2004,31.29,31.8,31.29,31.37,36386,USD,894
"Brent Oil",6/24/2003,26.95,26.95,26.55,26.62,27585,USD,895
"Brent Oil",12/31/2002,29,29.44,28.64,28.66,15233,USD,896
"Brent Oil",8/25/2004,42.55,42.74,40.42,40.68,56249,USD,897
"Brent Oil",1/12/2004,31.43,31.78,30.88,31.76,36781,USD,898
"Brent Oil",1/2/2003,29.3,29.58,29,29.43,25753,USD,899
"Brent Oil",6/25/2003,26.8,27.75,26.51,27.65,51094,USD,900
"Brent Oil",8/26/2004,40.8,41.25,39.67,40.33,61692,USD,901
"Brent Oil",1/13/2004,32.02,32.12,31.32,31.37,38530,USD,902
"Brent Oil",1/3/2003,29.65,30.8,29.64,30.77,35934,USD,903
"Brent Oil",6/26/2003,27.6,27.65,27.01,27.04,38898,USD,904
"Brent Oil",8/27/2004,40.87,40.88,40.2,40.64,37997,USD,905
"Brent Oil",1/14/2004,31.42,31.45,30.89,31.03,42698,USD,906
"Brent Oil",1/6/2003,30.69,30.88,29.9,30.2,49115,USD,907
"Brent Oil",6/27/2003,27.15,27.62,27.01,27.3,30346,USD,908
"Brent Oil",8/31/2004,39.75,39.95,39.2,39.61,49056,USD,909
"Brent Oil",1/15/2004,31.25,31.77,31.25,31.56,11872,USD,910
"Brent Oil",6/30/2003,27.55,28.35,27.1,28.33,38753,USD,911
"Brent Oil",9/1/2004,39.9,41.85,39.7,41.47,44093,USD,912
"Brent Oil",1/16/2004,29.67,30.5,29.45,30.47,53108,USD,913
"Brent Oil",1/7/2003,29.9,29.95,29.1,29.33,44216,USD,914
"Brent Oil",9/2/2004,41.4,43.04,41.3,41.57,55542,USD,915
"Brent Oil",7/1/2003,28.2,28.36,27.65,28.31,42600,USD,916
"Brent Oil",1/19/2004,30.65,30.7,30.3,30.57,22260,USD,917
"Brent Oil",1/8/2003,29.32,29.32,27.85,28.79,49877,USD,918
"Brent Oil",9/3/2004,41.7,41.8,41.1,41.23,33311,USD,919
"Brent Oil",7/2/2003,28.15,28.55,27.92,27.97,33648,USD,920
"Brent Oil",1/20/2004,30.8,31.32,30.73,31.23,55237,USD,921
"Brent Oil",7/3/2003,28.13,28.76,27.99,28.2,42253,USD,922
"Brent Oil",1/9/2003,29.27,29.72,28.85,29.64,37754,USD,923
"Brent Oil",9/6/2004,41.3,41.4,40.54,40.62,22677,USD,924
"Brent Oil",1/21/2004,31.13,31.32,30.61,30.86,41073,USD,925
"Brent Oil",7/4/2003,28.22,28.5,27.59,27.63,27507,USD,926
"Brent Oil",1/10/2003,29.6,30,29.1,29.67,38446,USD,927
"Brent Oil",1/22/2004,31.08,31.19,30.2,31.11,50439,USD,928
"Brent Oil",9/7/2004,40.62,40.9,40.25,40.76,45874,USD,929
"Brent Oil",1/13/2003,29.3,30.45,29.2,30.2,25386,USD,930
"Brent Oil",1/23/2004,31.21,31.25,30.75,30.96,43902,USD,931
"Brent Oil",9/8/2004,40.64,41.1,40.06,40.39,39605,USD,932
"Brent Oil",1/14/2003,29.95,31.25,29.9,30.61,39527,USD,933
"Brent Oil",1/26/2004,30.76,30.76,30.1,30.45,37769,USD,934
"Brent Oil",7/7/2003,27.85,27.99,27.55,27.82,26825,USD,935
"Brent Oil",1/15/2003,30.54,31.25,30.51,31.22,22557,USD,936
"Brent Oil",1/27/2004,30.48,30.83,30.05,30.23,48953,USD,937
"Brent Oil",7/8/2003,27.6,28.04,27.21,27.97,38137,USD,938
"Brent Oil",9/9/2004,40.25,42.3,40.1,42.22,50327,USD,939
"Brent Oil",1/28/2004,30,30.72,29.47,29.77,61231,USD,940
"Brent Oil",7/9/2003,27.85,28.8,27.85,28.71,37435,USD,941
"Brent Oil",1/16/2003,31.3,31.8,31.1,31.66,13409,USD,942
"Brent Oil",9/10/2004,42.2,42.6,40,40.2,42760,USD,943
"Brent Oil",1/29/2004,29.8,29.97,28.81,29.13,65451,USD,944
"Brent Oil",7/10/2003,28.71,29.4,28.62,28.88,38009,USD,945
"Brent Oil",1/17/2003,30.11,30.7,30,30.54,43536,USD,946
"Brent Oil",9/13/2004,41.05,41.5,40.3,41.06,31995,USD,947
"Brent Oil",1/30/2004,29.2,29.55,28.95,29.18,44861,USD,948
"Brent Oil",1/20/2003,30.75,30.83,30.53,30.65,20672,USD,949
"Brent Oil",7/11/2003,28.98,29.6,28.65,29.19,37034,USD,950
"Brent Oil",9/14/2004,41.06,42.02,41.06,41.73,54328,USD,951
"Brent Oil",1/21/2003,30.82,31.21,30,30.74,56629,USD,952
"Brent Oil",7/14/2003,28.95,29.3,28.65,28.96,42477,USD,953
"Brent Oil",2/2/2004,29,30.38,28.6,30.23,40980,USD,954
"Brent Oil",9/15/2004,41.93,42.3,41.6,41.85,10183,USD,955
"Brent Oil",7/15/2003,29.1,29.2,28.68,29.17,31551,USD,956
"Brent Oil",2/3/2004,29.91,30.15,29.43,29.5,45596,USD,957
"Brent Oil",9/16/2004,40.7,41.15,40,40.75,56743,USD,958
"Brent Oil",7/16/2003,29.09,29.22,28.45,28.72,11841,USD,959
"Brent Oil",1/22/2003,30.6,30.8,30.15,30.34,43488,USD,960
"Brent Oil",2/4/2004,29.55,29.8,28.85,28.88,51398,USD,961
"Brent Oil",9/17/2004,41,42.52,40.91,42.45,56319,USD,962
"Brent Oil",7/17/2003,28.55,28.74,28.33,28.62,42108,USD,963
"Brent Oil",1/23/2003,30.3,30.5,29.61,29.72,48797,USD,964
"Brent Oil",2/5/2004,29,29.37,28.44,29.27,44122,USD,965
"Brent Oil",9/20/2004,42.55,43.17,42.1,42.91,36435,USD,966
"Brent Oil",1/24/2003,29.9,30.53,29.6,30.49,49034,USD,967
"Brent Oil",7/18/2003,28.7,28.97,28.36,28.93,34811,USD,968
"Brent Oil",2/6/2004,29.3,29.61,28.61,28.83,29771,USD,969
"Brent Oil",9/21/2004,43.1,43.78,42.6,43.39,38156,USD,970
"Brent Oil",2/9/2004,29.05,29.18,28.77,29.11,30221,USD,971
"Brent Oil",9/22/2004,43.45,45.15,43.2,44.93,49046,USD,972
"Brent Oil",1/27/2003,30.75,30.75,29.83,29.86,39219,USD,973
"Brent Oil",9/23/2004,44.93,45.75,44.35,45.13,43548,USD,974
"Brent Oil",2/10/2004,29.29,30.47,29.15,30.04,38518,USD,975
"Brent Oil",7/21/2003,29,29,28.26,28.69,40754,USD,976
"Brent Oil",1/28/2003,30.3,30.33,30.05,30.27,33678,USD,977
"Brent Oil",9/24/2004,44.91,45.35,44.56,45.33,34012,USD,978
"Brent Oil",2/11/2004,30,30.29,29.55,29.87,50225,USD,979
"Brent Oil",7/22/2003,28.5,28.59,27.4,27.49,50827,USD,980
"Brent Oil",1/29/2003,30.25,31.26,29.84,31.02,53423,USD,981
"Brent Oil",9/27/2004,45.7,46.25,45.5,45.93,30356,USD,982
"Brent Oil",2/12/2004,29.65,30.15,29.57,30.07,14616,USD,983
"Brent Oil",7/23/2003,27.75,27.86,27.29,27.78,50955,USD,984
"Brent Oil",1/30/2003,30.82,31.28,30.74,31.21,34601,USD,985
"Brent Oil",9/28/2004,46.8,46.8,45.95,46.45,41424,USD,986
"Brent Oil",2/13/2004,29.99,30.78,29.9,30.57,51216,USD,987
"Brent Oil",7/24/2003,27.75,28.25,27.45,28.16,41235,USD,988
"Brent Oil",1/31/2003,31.2,31.39,30.92,31.1,32710,USD,989
"Brent Oil",9/29/2004,46.57,46.7,45.05,46.08,40835,USD,990
"Brent Oil",2/16/2004,30.55,30.63,30.3,30.32,18854,USD,991
"Brent Oil",7/25/2003,28.05,28.25,27.8,28.18,35447,USD,992
"Brent Oil",2/17/2004,30.55,31.1,30.37,30.69,35436,USD,993
"Brent Oil",9/30/2004,46.02,46.72,45.65,46.38,34748,USD,994
"Brent Oil",2/3/2003,30.89,30.92,30.22,30.25,30684,USD,995
"Brent Oil",2/18/2004,31.14,31.37,30.85,30.99,53779,USD,996
"Brent Oil",10/1/2004,46.2,46.73,45.9,46.62,33038,USD,997
"Brent Oil",2/4/2003,30.46,31.2,30.1,31.09,38635,USD,998
"Brent Oil",7/28/2003,28,28.25,27.61,28.03,29345,USD,999
"Brent Oil",2/19/2004,30.96,31.18,30.75,30.82,34149,USD,1000
